"relative_path","role","size_bytes"
"export\export_baseline_fixedTs_vs_coop_xlsx.m","xlsx_export","21359"
"export\export_cqr_gaussian_risk_bounds_and_margins_xlsx.m","xlsx_export","13525"
"export\export_hourly_feasible_costcurve_xlsx.m","xlsx_export","11552"
"export\export_hourly_max_feasible_and_credible_reserve_xlsx.m","xlsx_export","18427"
"export\export_hourly_reserve_ts_ma_xlsx.m","xlsx_export","13476"
"export\export_hourly_risk_bounds_and_temperature_trajectories_xlsx.m","xlsx_export","12590"
"export\export_one_day_outdoor_temp_irradiance_xlsx.m","xlsx_export","6295"
"export\export_postprocess_hourly_credible_revenue_view_xlsx.m","xlsx_export","14123"
"export\export_postprocess_hourly_credible_revenue_view_xlsx_origin.m","xlsx_export","14119"
"export\export_stage1_cqr_prediction_intervals_xlsx.m","xlsx_export","8980"
"export\export_typical_hour_credible_screen_xlsx.m","xlsx_export","14226"
"plot\plot_ch3_baseline_fixedTs_suite_V4.m","plot_or_check","15278"
"plot\plot_ch3_hourly_reserve_costcurve_results_V2.m","plot_or_check","27925"
"plot\plot_hourly_reserve_ts_ma_multi_beta.m","plot_or_check","18742"
"plot\plot_postprocess_hourly_credible_cost_view_full.m","plot_or_check","5632"
"plot\plot_postprocess_hourly_credible_revenue_view_full.m","plot_or_check","20305"
"plot\plot_typical_hour_reserve_preview_V1.m","plot_or_check","17877"
"project_data_file.m","path_helper","1486"
"project_paths.m","path_helper","1816"
"project_paths.py","path_helper","2024"
"run\run_ch3_baseline_fixedTs_suite_V4.m","main_run_entry","28454"
"run\run_ch3_hourly_credible_feasibility_screen_V2.m","main_run_entry","33588"
"run\run_ch3_hourly_reserve_costcurve_main_V2.m","main_run_entry","36447"
"run\run_postprocess_hourly_credible_cost_view_full.m","main_run_entry","9894"
"run\run_postprocess_hourly_credible_revenue_view_full.m","main_run_entry","20348"
"run\run_regd_15min_historical_variance_v8.m","main_run_entry","15551"
"run\run_test_postprocess_hourly_credible_revenue_view_full.m","main_run_entry","18584"
"run\stage1_cqr.py","main_run_entry","39817"
"run\stage1_cqr_plot.py","main_run_entry","9148"
"run\Stage1Code_CQR.m","main_run_entry","10025"
"src\analysis\compare_hourly_reserve_surface_vs_ref_beta.m","helper_source","22154"
"src\postprocess\postprocess_hourly_credible_revenue_view_full.m","helper_source","33070"
